{"cameraMode":{"drawMode":0,"name":"Shaded","section":"Shading Mode"},"sceneLighting":true,"audioPlay":false,"sceneViewState":{"m_AlwaysRefresh":false,"showFog":true,"showSkybox":true,"showFlares":true,"showImageEffects":true,"showParticleSystems":true,"showVisualEffectGraphs":true,"m_FxEnabled":true},"in2DMode":false,"pivot":{"x":30.916440963745118,"y":2.7183263301849367,"z":24.560258865356447},"rotation":{"x":0.010176341980695725,"y":0.7578118443489075,"z":0.011825787834823132,"w":-0.6522895693778992},"size":8.40621280670166,"orthographic":true}