{"cameraMode":{"drawMode":0,"name":"Shaded","section":"Shading Mode"},"sceneLighting":true,"audioPlay":false,"sceneViewState":{"m_AlwaysRefresh":false,"showFog":true,"showSkybox":true,"showFlares":true,"showImageEffects":true,"showParticleSystems":true,"showVisualEffectGraphs":true,"m_FxEnabled":true},"in2DMode":false,"pivot":{"x":15.814643859863282,"y":4.742356300354004,"z":21.828327178955079},"rotation":{"x":0.46399107575416567,"y":-0.09270083904266358,"z":0.04889889433979988,"w":0.8796181082725525},"size":7.530856609344482,"orthographic":true}